ConstNode,Reference,ConcretePattern,AbstractPattern,Node,Pattern,ParentOne,ParentTwo,ParentThree,NodeItself,SizeProg,NumberOp,Label
1,0,1,5,1,2,11,0,2,0,0,44,1,1
2,0,1,5,1,1,11,1,1,0,0,42,1,1
3,0,1,4,2,2,11,0,2,0,0,44,1,1
4,0,1,4,2,2,11,0,2,0,0,44,1,1
5,0,1,4,2,1,11,1,1,0,0,42,1,1
6,0,1,4,2,1,11,1,1,0,0,42,1,1
7,0,1,4,1,2,9,1,1,0,0,38,1,1
8,0,1,4,2,2,11,0,2,0,0,44,1,1
9,0,1,4,2,2,11,0,2,0,0,44,1,1
10,0,1,4,2,2,11,0,2,0,0,44,1,1
11,0,1,4,2,1,11,1,1,0,0,42,1,1
12,0,1,4,2,1,11,1,1,0,0,42,1,1
13,0,1,4,2,1,11,1,1,0,0,42,1,1
14,0,1,4,0,2,7,1,1,0,0,32,1,1
15,0,1,4,0,1,7,2,0,0,0,30,1,1
16,0,1,3,3,2,11,0,2,0,0,44,1,1
17,0,1,3,3,1,11,1,1,0,0,42,1,1
18,0,1,3,2,2,9,1,1,0,0,38,1,1
19,1,0,3,1,3,8,0,1,0,0,34,1,1
20,0,1,3,3,2,11,0,2,0,0,44,1,1
21,0,1,3,3,2,11,0,2,0,0,44,1,1
22,0,1,3,3,2,11,0,2,0,0,44,1,1
23,0,1,3,3,2,11,0,2,0,0,44,1,1
24,0,1,3,3,2,11,0,2,0,0,44,1,1
25,0,1,3,3,2,11,0,2,0,0,44,1,1
26,0,1,3,3,1,11,1,1,0,0,42,1,1
27,0,1,3,3,1,11,1,1,0,0,42,1,1
28,0,1,3,3,1,11,1,1,0,0,42,1,1
29,0,1,3,3,1,11,1,1,0,0,42,1,1
30,0,1,3,3,1,11,1,1,0,0,42,1,1
31,0,1,3,3,1,11,1,1,0,0,42,1,1
32,0,1,3,2,2,9,1,1,0,0,38,1,1
33,0,1,3,2,2,9,1,1,0,0,38,1,1
34,0,1,3,2,2,9,1,1,0,0,38,1,1
35,0,1,3,1,2,7,1,1,0,0,32,1,1
36,0,1,3,1,2,7,1,1,0,0,32,1,1
37,0,1,3,1,1,7,2,0,0,0,30,1,1
38,0,1,3,1,1,7,2,0,0,0,30,1,1
39,0,1,3,0,2,5,2,0,0,0,26,1,1
40,0,1,3,3,2,11,0,2,0,0,44,1,1
41,0,1,3,3,2,11,0,2,0,0,44,1,1
42,0,1,3,3,2,11,0,2,0,0,44,1,1
43,0,1,3,3,1,11,1,1,0,0,42,1,1
44,0,1,3,3,1,11,1,1,0,0,42,1,1
45,0,1,3,3,1,11,1,1,0,0,42,1,1
46,0,1,3,1,2,7,1,1,0,0,32,1,1
47,0,1,3,1,2,7,1,1,0,0,32,1,1
48,0,1,3,1,1,7,2,0,0,0,30,1,1
49,0,1,3,1,1,7,2,0,0,0,30,1,1
50,0,1,2,4,2,11,0,2,0,0,44,1,1
51,0,1,2,4,2,11,0,2,0,0,44,1,1
52,0,1,2,4,2,11,0,2,0,0,44,1,1
53,0,1,2,4,1,11,1,1,0,0,42,1,1
54,0,1,2,4,1,11,1,1,0,0,42,1,1
55,0,1,2,4,1,11,1,1,0,0,42,1,1
56,0,1,2,3,2,9,1,1,0,0,38,1,1
57,0,1,2,3,2,9,1,1,0,0,38,1,1
58,0,1,2,3,2,9,1,1,0,0,38,1,1
59,1,0,2,2,3,8,0,1,0,0,34,1,1
60,1,0,2,2,3,8,0,1,0,0,34,1,1
61,1,0,2,2,3,8,0,1,0,0,34,1,1
62,0,1,2,2,2,7,1,1,0,0,32,1,1
63,0,1,2,2,1,7,2,0,0,0,30,1,1
64,0,1,2,1,2,5,2,0,0,0,26,1,1
65,1,0,2,0,3,4,1,0,0,0,22,1,1
66,0,1,2,4,2,11,0,2,0,0,44,1,1
67,0,1,2,4,2,11,0,2,0,0,44,1,1
68,0,1,2,4,2,11,0,2,0,0,44,1,1
69,0,1,2,4,2,11,0,2,0,0,44,1,1
70,0,1,2,4,2,11,0,2,0,0,44,1,1
71,0,1,2,4,2,11,0,2,0,0,44,1,1
72,0,1,2,4,1,11,1,1,0,0,42,1,1
73,0,1,2,4,1,11,1,1,0,0,42,1,1
74,0,1,2,4,1,11,1,1,0,0,42,1,1
75,0,1,2,4,1,11,1,1,0,0,42,1,1
76,0,1,2,4,1,11,1,1,0,0,42,1,1
77,0,1,2,4,1,11,1,1,0,0,42,1,1
78,0,1,2,3,2,9,1,1,0,0,38,1,1
79,0,1,2,3,2,9,1,1,0,0,38,1,1
80,0,1,2,3,2,9,1,1,0,0,38,1,1
81,0,1,2,2,2,7,1,1,0,0,32,1,1
82,0,1,2,2,2,7,1,1,0,0,32,1,1
83,0,1,2,2,2,7,1,1,0,0,32,1,1
84,0,1,2,2,2,7,1,1,0,0,32,1,1
85,0,1,2,2,1,7,2,0,0,0,30,1,1
86,0,1,2,2,1,7,2,0,0,0,30,1,1
87,0,1,2,2,1,7,2,0,0,0,30,1,1
88,0,1,2,2,1,7,2,0,0,0,30,1,1
89,0,1,2,1,2,5,2,0,0,0,26,1,1
90,0,1,2,1,2,5,2,0,0,0,26,1,1
91,0,1,2,4,2,11,0,2,0,0,44,1,1
92,0,1,2,4,1,11,1,1,0,0,42,1,1
93,0,1,2,2,2,7,1,1,0,0,32,1,1
94,0,1,2,2,1,7,2,0,0,0,30,1,1
95,0,1,1,5,2,11,0,2,0,0,44,1,1
96,0,1,1,5,2,11,0,2,0,0,44,1,1
97,0,1,1,5,2,11,0,2,0,0,44,1,1
98,0,1,1,5,1,11,1,1,0,0,42,1,1
99,0,1,1,5,1,11,1,1,0,0,42,1,1
100,0,1,1,5,1,11,1,1,0,0,42,1,1
101,0,1,1,4,2,9,1,1,0,0,38,1,1
102,0,1,1,4,2,9,1,1,0,0,38,1,1
103,0,1,1,4,2,9,1,1,0,0,38,1,1
104,1,0,1,3,3,8,0,1,0,0,34,1,1
105,1,0,1,3,3,8,0,1,0,0,34,1,1
106,1,0,1,3,3,8,0,1,0,0,34,1,1
107,0,1,1,3,2,7,1,1,0,0,32,1,1
108,0,1,1,3,2,7,1,1,0,0,32,1,1
109,0,1,1,3,1,7,2,0,0,0,30,1,1
110,0,1,1,3,1,7,2,0,0,0,30,1,1
111,0,1,1,2,2,5,2,0,0,0,26,1,1
112,0,1,1,2,2,5,2,0,0,0,26,1,1
113,1,0,1,1,3,4,1,0,0,0,22,1,1
114,1,0,1,1,3,4,1,0,0,0,22,1,1
115,0,1,1,5,2,11,0,2,0,0,44,1,1
116,0,1,1,5,2,11,0,2,0,0,44,1,1
117,0,1,1,5,1,11,1,1,0,0,42,1,1
118,0,1,1,5,1,11,1,1,0,0,42,1,1
119,0,1,1,4,2,9,1,1,0,0,38,1,1
120,0,1,1,3,2,7,1,1,0,0,32,1,1
121,0,1,1,3,2,7,1,1,0,0,32,1,1
122,0,1,1,3,1,7,2,0,0,0,30,1,1
123,0,1,1,3,1,7,2,0,0,0,30,1,1
124,0,1,1,2,2,5,2,0,0,0,26,1,1
125,0,1,0,6,2,11,0,2,0,0,44,1,1
126,0,1,0,6,1,11,1,1,0,0,42,1,1
127,0,1,0,5,2,9,1,1,0,0,38,1,1
128,1,0,0,4,3,8,0,1,0,0,34,1,1
129,0,1,0,4,2,7,1,1,0,0,32,1,1
130,0,1,0,4,1,7,2,0,0,0,30,1,1
131,0,1,0,3,2,5,2,0,0,0,26,1,1
132,1,0,0,2,3,4,1,0,0,0,22,1,1
133,2,0,7,0,6,14,0,1,0,1,60,1,1
134,2,0,6,1,6,14,0,1,0,1,60,1,1
135,2,0,6,1,6,14,0,1,0,1,60,1,1
136,2,0,6,1,6,14,0,1,0,0,59,1,1
137,2,0,6,1,6,14,0,1,0,1,60,1,1
138,2,0,6,1,6,14,0,1,0,1,60,1,1
139,2,0,6,1,6,14,0,1,0,1,60,1,1
140,2,0,6,1,6,14,0,1,0,1,60,1,1
141,2,0,5,2,6,14,0,1,0,1,60,1,1
142,2,0,5,2,6,14,0,1,0,0,59,1,1
143,2,0,5,2,6,14,0,1,0,1,60,1,1
144,2,0,5,2,6,14,0,1,0,1,60,1,1
145,2,0,5,2,6,14,0,1,0,0,59,1,1
146,2,0,5,2,6,14,0,1,0,1,60,1,1
147,2,0,5,2,6,14,0,1,0,1,60,1,1
148,2,0,5,2,6,14,0,1,0,1,60,1,1
149,2,0,5,2,6,14,0,1,0,1,60,1,1
150,2,0,5,2,6,14,0,1,0,1,60,1,1
151,2,0,5,2,6,14,0,1,0,1,60,1,1
152,2,0,5,2,6,14,0,1,0,0,59,1,1
153,2,0,5,2,6,14,0,1,0,0,59,1,1
154,2,0,5,2,6,14,0,1,0,1,60,1,1
155,2,0,5,2,6,14,0,1,0,1,60,1,1
156,2,0,5,2,6,14,0,1,0,1,60,1,1
157,2,0,5,2,6,14,0,1,0,1,60,1,1
158,2,0,5,2,6,14,0,1,0,1,60,1,1
159,2,0,5,2,6,14,0,1,0,0,59,1,1
160,2,0,5,2,6,14,0,1,0,0,59,1,1
161,2,0,5,2,6,14,0,1,0,1,60,1,1
162,2,0,5,0,6,10,1,0,0,1,48,1,1
163,2,0,4,3,6,14,0,1,0,0,59,1,1
164,2,0,4,3,6,14,0,1,0,1,60,1,1
165,2,0,4,3,6,14,0,1,0,1,60,1,1
166,2,0,4,3,6,14,0,1,0,1,60,1,1
167,2,0,4,3,6,14,0,1,0,1,60,1,1
168,2,0,4,3,6,14,0,1,0,0,59,1,1
169,2,0,4,3,6,14,0,1,0,0,59,1,1
170,2,0,4,3,6,14,0,1,0,1,60,1,1
171,2,0,4,3,6,14,0,1,0,1,60,1,1
172,2,0,4,3,6,14,0,1,0,1,60,1,1
173,2,0,4,3,6,14,0,1,0,1,60,1,1
174,2,0,4,3,6,14,0,1,0,1,60,1,1
175,2,0,4,3,6,14,0,1,0,0,59,1,1
176,2,0,4,3,6,14,0,1,0,0,59,1,1
177,2,0,4,3,6,14,0,1,0,1,60,1,1
178,2,0,4,3,6,14,0,1,0,1,60,1,1
179,2,0,4,3,6,14,0,1,0,1,60,1,1
180,2,0,4,3,6,14,0,1,0,1,60,1,1
181,2,0,4,3,6,14,0,1,0,1,60,1,1
182,2,0,4,3,6,14,0,1,0,1,60,1,1
183,2,0,4,3,6,14,0,1,0,1,60,1,1
184,2,0,4,3,6,14,0,1,0,1,60,1,1
185,2,0,4,3,6,14,0,1,0,1,60,1,1
186,2,0,4,3,6,14,0,1,0,0,59,1,1
187,2,0,4,3,6,14,0,1,0,0,59,1,1
188,2,0,4,3,6,14,0,1,0,1,60,1,1
189,2,0,4,3,6,14,0,1,0,0,59,1,1
190,2,0,4,3,6,14,0,1,0,0,59,1,1
191,2,0,4,3,6,14,0,1,0,1,60,1,1
192,2,0,4,3,6,14,0,1,0,0,59,1,1
193,2,0,4,3,6,14,0,1,0,0,59,1,1
194,2,0,4,3,6,14,0,1,0,0,59,1,1
195,2,0,4,3,6,14,0,1,0,0,59,1,1
196,2,0,4,3,6,14,0,1,0,0,59,1,1
197,2,0,4,3,6,14,0,1,0,0,59,1,1
198,2,0,4,1,6,10,1,0,0,0,47,1,1
199,2,0,4,1,6,10,1,0,0,1,48,1,1
200,2,0,4,1,6,10,1,0,0,1,48,1,1
201,2,0,4,1,6,10,1,0,0,1,48,1,1
202,2,0,4,1,6,10,1,0,0,1,48,1,1
203,2,0,3,4,6,14,0,1,0,1,60,1,1
204,2,0,3,4,6,14,0,1,0,1,60,1,1
205,2,0,3,4,6,14,0,1,0,1,60,1,1
206,2,0,3,4,6,14,0,1,0,1,60,1,1
207,2,0,3,4,6,14,0,1,0,1,60,1,1
208,2,0,3,4,6,14,0,1,0,1,60,1,1
209,2,0,3,4,6,14,0,1,0,1,60,1,1
210,2,0,3,4,6,14,0,1,0,1,60,1,1
211,2,0,3,4,6,14,0,1,0,1,60,1,1
212,2,0,3,4,6,14,0,1,0,0,59,1,1
213,2,0,3,4,6,14,0,1,0,0,59,1,1
214,2,0,3,4,6,14,0,1,0,1,60,1,1
215,2,0,3,4,6,14,0,1,0,1,60,1,1
216,2,0,3,4,6,14,0,1,0,1,60,1,1
217,2,0,3,4,6,14,0,1,0,1,60,1,1
218,2,0,3,4,6,14,0,1,0,1,60,1,1
219,2,0,3,4,6,14,0,1,0,0,59,1,1
220,2,0,3,4,6,14,0,1,0,0,59,1,1
221,2,0,3,4,6,14,0,1,0,0,59,1,1
222,2,0,3,4,6,14,0,1,0,0,59,1,1
223,2,0,3,4,6,14,0,1,0,0,59,1,1
224,2,0,3,4,6,14,0,1,0,0,59,1,1
225,2,0,3,4,6,14,0,1,0,1,60,1,1
226,2,0,3,4,6,14,0,1,0,0,59,1,1
227,2,0,3,4,6,14,0,1,0,0,59,1,1
228,2,0,3,4,6,14,0,1,0,0,59,1,1
229,2,0,3,4,6,14,0,1,0,0,59,1,1
230,2,0,3,4,6,14,0,1,0,0,59,1,1
231,2,0,3,4,6,14,0,1,0,0,59,1,1
232,2,0,3,4,6,14,0,1,0,0,59,1,1
233,2,0,3,4,6,14,0,1,0,0,59,1,1
234,2,0,3,4,6,14,0,1,0,0,59,1,1
235,2,0,3,4,6,14,0,1,0,0,59,1,1
236,2,0,3,4,6,14,0,1,0,0,59,1,1
237,2,0,3,4,6,14,0,1,0,0,59,1,1
238,2,0,3,2,6,10,1,0,0,0,47,1,1
239,2,0,3,2,6,10,1,0,0,0,47,1,1
240,2,0,3,2,6,10,1,0,0,1,48,1,1
241,2,0,3,2,6,10,1,0,0,1,48,1,1
242,2,0,3,2,6,10,1,0,0,1,48,1,1
243,2,0,3,2,6,10,1,0,0,1,48,1,1
244,2,0,3,2,6,10,1,0,0,1,48,1,1
245,2,0,3,2,6,10,1,0,0,0,47,1,1
246,2,0,3,2,6,10,1,0,0,0,47,1,1
247,2,0,3,2,6,10,1,0,0,1,48,1,1
248,2,0,2,5,6,14,0,1,0,1,60,1,1
249,2,0,2,5,6,14,0,1,0,1,60,1,1
250,2,0,2,5,6,14,0,1,0,1,60,1,1
251,2,0,2,5,6,14,0,1,0,1,60,1,1
252,2,0,2,5,6,14,0,1,0,1,60,1,1
253,2,0,2,5,6,14,0,1,0,1,60,1,1
254,2,0,2,5,6,14,0,1,0,0,59,1,1
255,2,0,2,5,6,14,0,1,0,0,59,1,1
256,2,0,2,5,6,14,0,1,0,0,59,1,1
257,2,0,2,5,6,14,0,1,0,0,59,1,1
258,2,0,2,5,6,14,0,1,0,0,59,1,1
259,2,0,2,5,6,14,0,1,0,0,59,1,1
260,2,0,2,5,6,14,0,1,0,0,59,1,1
261,2,0,2,5,6,14,0,1,0,0,59,1,1
262,2,0,2,5,6,14,0,1,0,0,59,1,1
263,2,0,2,5,6,14,0,1,0,0,59,1,1
264,2,0,2,5,6,14,0,1,0,0,59,1,1
265,2,0,2,5,6,14,0,1,0,0,59,1,1
266,2,0,2,5,6,14,0,1,0,0,59,1,1
267,2,0,2,5,6,14,0,1,0,0,59,1,1
268,2,0,2,5,6,14,0,1,0,0,59,1,1
269,2,0,2,3,6,10,1,0,0,1,48,1,1
270,2,0,2,3,6,10,1,0,0,1,48,1,1
271,2,0,2,3,6,10,1,0,0,1,48,1,1
272,2,0,2,3,6,10,1,0,0,1,48,1,1
273,2,0,2,3,6,10,1,0,0,0,47,1,1
274,2,0,2,3,6,10,1,0,0,0,47,1,1
275,2,0,2,3,6,10,1,0,0,0,47,1,1
276,2,0,2,3,6,10,1,0,0,0,47,1,1
277,2,0,2,3,6,10,1,0,0,0,47,1,1
278,2,0,2,3,6,10,1,0,0,0,47,1,1
279,2,0,1,6,6,14,0,1,0,1,60,1,1
280,2,0,1,6,6,14,0,1,0,0,59,1,1
281,2,0,1,6,6,14,0,1,0,0,59,1,1
282,2,0,1,6,6,14,0,1,0,0,59,1,1
283,2,0,1,6,6,14,0,1,0,0,59,1,1
284,2,0,1,6,6,14,0,1,0,0,59,1,1
285,2,0,1,6,6,14,0,1,0,0,59,1,1
286,2,0,1,4,6,10,1,0,0,1,48,1,1
287,2,0,1,4,6,10,1,0,0,0,47,1,1
288,2,0,1,4,6,10,1,0,0,0,47,1,1
289,2,0,1,4,6,10,1,0,0,0,47,1,1
290,2,0,1,4,6,10,1,0,0,0,47,1,1
291,2,0,1,0,6,1,0,0,0,2,22,1,1
292,2,0,0,7,6,14,0,1,0,0,59,1,1
293,2,0,0,5,6,10,1,0,0,0,47,1,1
294,2,0,0,1,6,1,0,0,0,1,21,1,1
295,5,9,32,8,27,51,2,2,0,6,264,1,0
296,5,9,32,8,26,51,1,2,0,7,262,1,0
297,5,9,32,8,26,51,3,1,0,6,262,1,0
298,5,9,32,8,26,51,3,1,0,6,262,1,0
299,5,9,32,8,25,51,2,1,0,7,260,1,0
300,5,9,32,8,25,51,2,1,0,7,260,1,0
301,5,9,32,8,25,51,4,0,0,6,260,1,0
302,5,9,32,8,24,51,3,0,0,7,258,1,0
303,5,9,31,9,27,51,2,2,0,6,263,1,0
304,5,9,31,9,27,51,2,2,0,6,264,1,0
305,5,9,31,9,27,51,2,2,0,6,264,1,0
306,5,9,31,9,27,51,2,2,0,6,264,1,0
307,5,9,31,9,27,51,2,2,0,6,264,1,0
308,5,9,31,9,27,51,2,2,0,6,264,1,0
309,5,9,31,9,27,51,2,2,0,6,264,1,0
310,5,9,31,9,27,51,2,2,0,6,264,1,0
311,5,9,31,9,27,51,2,2,0,6,264,1,0
312,5,9,31,9,27,51,2,2,0,6,264,1,0
313,3,0,1,0,11,3,0,0,0,1,34,1,1
314,3,0,0,1,11,3,0,0,0,1,34,1,1
315,4,6,29,0,20,44,0,8,0,0,215,2,0
316,4,6,29,0,20,43,1,7,0,0,213,2,0
317,4,6,29,0,20,43,1,7,0,0,213,2,0
318,4,6,29,0,20,42,2,6,0,0,211,2,0
319,4,6,28,1,20,44,0,8,0,0,215,2,0
320,4,6,28,1,20,44,0,8,0,0,215,2,0
321,4,6,28,1,20,44,0,8,0,0,214,2,0
322,4,6,28,1,20,44,0,8,0,0,215,2,0
323,4,6,28,1,20,44,0,8,0,0,215,2,0
324,1,1,2,2,5,9,0,2,0,0,41,1,1
325,1,1,2,2,5,8,1,1,0,0,39,1,1
326,1,1,1,3,5,9,0,2,0,0,41,1,1
327,1,1,1,3,5,8,1,1,0,0,39,1,1
328,1,0,1,1,5,5,0,1,0,0,28,1,0
329,1,1,1,2,5,7,1,1,0,0,35,1,1
330,1,0,1,1,5,4,1,0,0,0,26,1,0
331,1,1,1,2,5,6,2,0,0,0,33,1,1
332,1,1,1,3,5,9,0,2,0,0,41,1,1
333,1,1,1,3,5,8,1,1,0,0,39,1,1
334,1,1,1,2,5,6,0,1,0,1,33,1,1
335,1,1,0,4,5,9,0,2,0,0,41,1,1
336,1,1,0,4,5,8,1,1,0,0,39,1,1
337,1,0,0,2,5,5,0,1,0,0,28,1,0
338,1,1,0,3,5,7,1,1,0,0,35,1,1
339,1,0,0,2,5,4,1,0,0,0,26,1,0
340,1,1,0,3,5,6,2,0,0,0,33,1,1
341,1,1,0,3,5,6,0,1,0,1,33,1,1
342,1,0,0,1,5,2,0,0,0,1,20,1,0
343,1,1,0,2,5,4,1,0,0,1,27,1,1
344,1,0,4,0,3,10,0,1,0,0,38,1,0
345,1,0,4,0,3,9,1,0,0,0,36,1,0
346,1,0,3,1,3,10,0,1,0,0,38,1,0
347,1,0,3,1,3,10,0,1,0,0,38,1,1
348,1,0,3,1,3,10,0,1,0,0,38,1,0
349,1,0,3,1,3,10,0,1,0,0,38,1,0
350,1,0,3,1,3,9,1,0,0,0,36,1,0
351,1,0,3,1,3,9,1,0,0,0,36,1,1
352,1,0,3,1,3,9,1,0,0,0,36,1,0
353,1,0,3,1,3,9,1,0,0,0,36,1,0
354,1,0,2,2,3,10,0,1,0,0,38,1,1
355,1,0,2,2,3,10,0,1,0,0,38,1,0
356,1,0,2,2,3,10,0,1,0,0,38,1,0
357,1,0,2,2,3,10,0,1,0,0,38,1,1
358,1,0,2,2,3,10,0,1,0,0,38,1,1
359,1,0,2,2,3,10,0,1,0,0,38,1,0
360,1,0,2,2,3,9,1,0,0,0,36,1,1
361,1,0,2,2,3,9,1,0,0,0,36,1,0
362,1,0,2,2,3,9,1,0,0,0,36,1,0
363,1,0,2,2,3,9,1,0,0,0,36,1,1
364,1,0,2,2,3,9,1,0,0,0,36,1,1
365,1,0,2,2,3,9,1,0,0,0,36,1,0
366,1,0,2,0,3,5,0,0,0,1,24,1,1
367,1,0,1,3,3,10,0,1,0,0,38,1,0
368,1,0,1,3,3,10,0,1,0,0,38,1,1
369,1,0,1,3,3,10,0,1,0,0,38,1,1
370,1,0,1,3,3,10,0,1,0,0,38,1,1
371,1,0,1,3,3,9,1,0,0,0,36,1,0
372,1,0,1,3,3,9,1,0,0,0,36,1,1
373,1,0,1,3,3,9,1,0,0,0,36,1,1
374,1,0,1,3,3,9,1,0,0,0,36,1,1
375,1,0,1,1,3,5,0,0,0,1,24,1,1
376,1,0,1,1,3,5,0,0,0,1,24,1,1
377,1,0,0,4,3,10,0,1,0,0,38,1,1
378,1,0,0,4,3,9,1,0,0,0,36,1,1
379,1,0,0,2,3,5,0,0,0,1,24,1,1
380,1,0,3,1,4,9,0,1,0,0,38,1,1
381,1,0,2,2,4,9,0,1,0,0,38,1,1
382,1,0,2,2,4,9,0,1,0,0,38,1,1
383,1,0,2,2,4,9,0,1,0,0,38,1,1
384,1,0,2,1,4,6,0,0,0,1,30,1,1
385,1,0,1,3,4,9,0,1,0,0,38,1,1
386,1,0,1,3,4,9,0,1,0,0,38,1,1
387,1,0,1,3,4,9,0,1,0,0,38,1,1
388,1,0,1,2,4,6,0,0,0,1,30,1,1
389,1,0,1,2,4,6,0,0,0,1,30,1,1
390,1,0,0,4,4,9,0,1,0,0,38,1,1
391,1,0,0,3,4,6,0,0,0,1,30,1,1
392,2,1,5,0,10,6,0,2,0,0,51,1,1
393,2,1,4,1,10,6,0,2,0,0,50,1,1
394,2,1,4,1,10,6,0,2,0,0,51,1,1
395,2,1,4,0,10,5,1,1,0,0,46,1,1
396,2,1,4,0,9,5,0,1,0,1,44,1,1
397,2,1,4,1,10,6,0,2,0,0,51,1,1
398,2,1,4,1,10,6,0,2,0,0,50,1,1
399,2,1,4,1,10,6,0,2,0,0,50,1,1
400,2,1,3,2,10,6,0,2,0,0,50,1,1
401,2,1,3,1,10,5,1,1,0,0,46,1,1
402,3,0,3,0,11,4,0,1,0,0,42,1,1
403,2,1,3,1,9,5,0,1,0,1,44,1,1
404,2,1,3,2,10,6,0,2,0,0,51,1,1
405,2,1,3,2,10,6,0,2,0,0,50,1,1
406,2,1,3,2,10,6,0,2,0,0,49,1,1
407,2,1,3,2,10,6,0,2,0,0,49,1,1
408,2,1,3,2,10,6,0,2,0,0,50,1,1
409,2,1,3,2,10,6,0,2,0,0,50,1,1
410,2,1,3,1,10,5,1,1,0,0,46,1,1
411,2,1,3,1,10,5,1,1,0,0,45,1,1
412,2,1,3,1,10,5,1,1,0,0,45,1,1
413,2,1,3,1,9,5,0,1,0,1,44,1,1
414,2,1,3,1,9,5,0,1,0,1,43,1,1
415,2,1,3,1,9,5,0,1,0,1,43,1,1
416,2,1,3,2,10,6,0,2,0,0,50,1,1
417,2,1,3,2,10,6,0,2,0,0,50,1,1
418,2,1,3,2,10,6,0,2,0,0,49,1,1
419,2,1,2,3,10,6,0,2,0,0,50,1,1
420,2,1,2,3,10,6,0,2,0,0,49,1,1
421,2,1,2,3,10,6,0,2,0,0,49,1,1
422,2,1,2,2,10,5,1,1,0,0,46,1,1
423,2,1,2,2,10,5,1,1,0,0,45,1,1
424,2,1,2,2,10,5,1,1,0,0,45,1,1
425,3,0,2,1,11,4,0,1,0,0,42,1,1
426,2,1,2,2,9,5,0,1,0,1,44,1,1
427,3,0,2,1,11,4,0,1,0,0,41,1,1
428,3,0,2,1,11,4,0,1,0,0,41,1,1
429,2,1,2,2,9,5,0,1,0,1,43,1,1
430,2,1,2,2,9,5,0,1,0,1,43,1,1
431,2,1,2,3,10,6,0,2,0,0,49,1,1
432,2,1,2,3,10,6,0,2,0,0,49,1,1
433,2,1,2,3,10,6,0,2,0,0,50,1,1
434,2,1,2,3,10,6,0,2,0,0,49,1,1
435,2,1,2,3,10,6,0,2,0,0,50,1,1
436,2,1,2,3,10,6,0,2,0,0,48,1,1
437,2,1,2,2,10,5,1,1,0,0,45,1,1
438,2,1,2,2,10,5,1,1,0,0,45,1,1
439,2,1,2,2,10,5,1,1,0,0,44,1,1
440,2,1,2,2,9,5,0,1,0,1,43,1,1
441,2,1,2,2,9,5,0,1,0,1,43,1,1
442,2,1,2,2,9,5,0,1,0,1,42,1,1
443,2,1,2,3,10,6,0,2,0,0,49,1,1
444,2,1,1,4,10,6,0,2,0,0,49,1,1
445,2,1,1,4,10,6,0,2,0,0,49,1,1
446,2,1,1,4,10,6,0,2,0,0,48,1,1
447,2,1,1,3,10,5,1,1,0,0,45,1,1
448,2,1,1,3,10,5,1,1,0,0,45,1,1
449,2,1,1,3,10,5,1,1,0,0,44,1,1
450,3,0,1,2,11,4,0,1,0,0,41,1,1
451,2,1,1,3,9,5,0,1,0,1,43,1,1
452,3,0,1,2,11,4,0,1,0,0,41,1,1
453,2,1,1,3,9,5,0,1,0,1,43,1,1
454,3,0,1,2,11,4,0,1,0,0,40,1,1
455,2,1,1,3,9,5,0,1,0,1,42,1,1
456,2,1,1,4,10,6,0,2,0,0,49,1,1
457,2,1,1,4,10,6,0,2,0,0,48,1,1
458,2,1,1,3,10,5,1,1,0,0,44,1,1
459,2,1,1,3,9,5,0,1,0,1,42,1,1
460,2,1,0,5,10,6,0,2,0,0,48,1,1
461,2,1,0,4,10,5,1,1,0,0,44,1,1
462,3,0,0,3,11,4,0,1,0,0,40,1,1
463,2,1,0,4,9,5,0,1,0,1,42,1,1
464,2,2,8,6,8,17,0,2,0,1,86,1,0
465,2,2,8,6,7,17,1,1,0,1,84,1,0
466,2,2,8,6,7,17,1,1,0,1,84,1,0
467,2,2,8,6,6,17,2,0,0,1,82,1,0
468,2,2,7,7,8,17,0,2,0,1,86,1,0
469,2,2,7,7,8,17,0,2,0,1,86,1,0
470,2,2,7,7,8,17,0,2,0,1,86,1,0
471,2,2,7,7,8,17,0,2,0,1,86,1,0
472,2,2,7,7,8,17,0,2,0,1,86,1,0
473,2,2,7,7,8,17,0,2,0,1,86,1,0
474,2,2,7,7,8,17,0,2,0,1,86,1,0
475,2,2,7,7,8,17,0,2,0,1,86,1,0
476,0,2,8,4,2,26,0,2,0,2,91,2,0
477,0,2,8,4,2,26,0,2,0,2,91,2,1
478,0,2,8,4,2,26,0,2,0,2,91,2,0
479,0,2,8,4,2,26,0,2,0,2,91,2,0
480,0,2,8,4,2,26,0,2,0,2,91,2,0
481,0,2,10,2,2,26,0,2,0,2,91,2,0
482,0,2,11,1,2,26,0,2,0,2,91,2,0
483,0,2,11,1,2,26,0,2,0,2,91,2,0
484,0,2,12,0,2,26,0,2,0,2,91,2,0
485,0,2,9,3,2,26,0,2,0,2,91,2,0
486,0,2,10,2,2,26,0,2,0,2,91,2,0
487,0,2,10,2,2,26,0,2,0,2,91,2,0
488,0,2,11,1,2,26,0,2,0,2,91,2,0
489,0,2,9,3,2,26,0,2,0,2,91,2,0
490,0,2,9,3,2,26,0,2,0,2,91,2,1
491,0,2,9,3,2,26,0,2,0,2,91,2,0
492,0,2,9,3,2,26,0,2,0,2,91,2,0
493,0,2,10,2,2,26,0,2,0,2,91,2,0
494,0,2,10,2,2,26,0,2,0,2,91,2,1
495,0,2,10,2,2,26,0,2,0,2,91,2,0
496,0,2,10,2,2,26,0,2,0,2,91,2,0
497,0,2,10,2,2,26,0,2,0,2,91,2,0
498,0,2,10,2,2,26,0,2,0,2,91,2,1
499,0,2,10,2,2,26,0,2,0,2,91,2,0
500,0,2,10,2,2,26,0,2,0,2,91,2,0
501,0,2,11,1,2,26,0,2,0,2,91,2,0
502,0,2,11,1,2,26,0,2,0,2,91,2,1
503,0,2,11,1,2,26,0,2,0,2,91,2,0
504,0,2,11,1,2,26,0,2,0,2,91,2,0
505,0,2,8,4,2,26,0,2,0,2,91,2,0
506,0,2,8,4,2,26,0,2,0,2,91,2,1
507,0,2,8,4,2,26,0,2,0,2,91,2,0
508,0,2,8,4,2,26,0,2,0,2,91,2,0
509,0,2,9,3,2,26,0,2,0,2,91,2,0
510,0,2,9,3,2,26,0,2,0,2,91,2,1
511,0,2,9,3,2,26,0,2,0,2,91,2,0
512,0,2,9,3,2,26,0,2,0,2,91,2,0
513,0,2,9,3,2,26,0,2,0,2,91,2,0
514,0,2,9,3,2,26,0,2,0,2,91,2,1
515,0,2,9,3,2,26,0,2,0,2,91,2,0
516,0,2,9,3,2,26,0,2,0,2,91,2,0
517,0,2,10,2,2,26,0,2,0,2,91,2,0
518,0,2,10,2,2,26,0,2,0,2,91,2,1
519,0,2,10,2,2,26,0,2,0,2,91,2,0
520,0,2,10,2,2,26,0,2,0,2,91,2,0
521,0,2,9,3,2,26,0,2,0,2,91,2,0
522,0,2,10,2,2,26,0,2,0,2,91,2,0
523,0,2,10,2,2,26,0,2,0,2,91,2,0
524,0,2,11,1,2,26,0,2,0,2,91,2,0
525,0,2,9,3,2,26,0,2,0,2,91,2,0
526,0,2,10,2,2,26,0,2,0,2,91,2,0
527,0,2,10,2,2,26,0,2,0,2,91,2,0
528,0,2,11,1,2,26,0,2,0,2,91,2,0
529,0,2,9,3,2,26,0,2,0,2,91,2,0
530,0,2,10,2,2,26,0,2,0,2,91,2,0
531,0,2,10,2,2,26,0,2,0,2,91,2,0
532,0,2,11,1,2,26,0,2,0,2,91,2,0
533,0,2,8,4,2,26,0,2,0,2,91,2,0
534,0,2,9,3,2,26,0,2,0,2,91,2,0
535,0,2,9,3,2,26,0,2,0,2,91,2,0
536,0,2,10,2,2,26,0,2,0,2,91,2,0
537,0,2,8,4,2,26,0,2,0,2,91,2,0
538,0,2,9,3,2,26,0,2,0,2,91,2,0
539,0,2,9,3,2,26,0,2,0,2,91,2,0
540,0,2,10,2,2,26,0,2,0,2,91,2,0
541,0,2,8,4,2,26,0,2,0,2,91,2,0
542,0,2,9,3,2,26,0,2,0,2,91,2,0
543,0,2,9,3,2,26,0,2,0,2,91,2,0
544,0,2,10,2,2,26,0,2,0,2,91,2,0
545,0,2,9,2,2,24,1,1,0,2,85,2,0
546,0,2,10,1,2,24,1,1,0,2,85,2,0
547,0,2,10,1,2,24,1,1,0,2,85,2,0
548,0,2,11,0,2,24,1,1,0,2,85,2,0
549,0,2,8,3,2,24,1,1,0,2,85,2,0
550,0,2,9,2,2,24,1,1,0,2,85,2,0
551,0,2,9,2,2,24,1,1,0,2,85,2,0
552,0,2,10,1,2,24,1,1,0,2,85,2,0
553,0,2,9,2,2,24,1,1,0,2,85,2,0
554,0,2,10,1,2,24,1,1,0,2,85,2,0
555,0,2,10,1,2,24,1,1,0,2,85,2,0
556,0,2,11,0,2,24,1,1,0,2,85,2,0
557,0,2,8,3,2,24,1,1,0,2,85,2,0
558,0,2,9,2,2,24,1,1,0,2,85,2,0
559,0,2,9,2,2,24,1,1,0,2,85,2,0
560,0,2,10,1,2,24,1,1,0,2,85,2,0
561,0,2,8,4,2,26,0,2,0,2,91,2,1
562,0,2,8,4,2,26,0,2,0,2,91,2,0
563,0,2,8,4,2,26,0,2,0,2,91,2,0
564,0,2,8,4,2,26,0,2,0,2,91,2,1
565,0,2,8,4,2,26,0,2,0,2,91,2,1
566,0,2,8,4,2,26,0,2,0,2,91,2,0
567,0,2,9,3,2,26,0,2,0,2,91,2,1
568,0,2,9,3,2,26,0,2,0,2,91,2,0
569,0,2,9,3,2,26,0,2,0,2,91,2,0
570,0,2,9,3,2,26,0,2,0,2,91,2,1
571,0,2,9,3,2,26,0,2,0,2,91,2,1
572,0,2,9,3,2,26,0,2,0,2,91,2,0
573,0,2,9,3,2,26,0,2,0,2,91,2,1
574,0,2,9,3,2,26,0,2,0,2,91,2,0
575,0,2,9,3,2,26,0,2,0,2,91,2,0
576,0,2,9,3,2,26,0,2,0,2,91,2,1
577,0,2,9,3,2,26,0,2,0,2,91,2,1
578,0,2,9,3,2,26,0,2,0,2,91,2,0
579,0,2,10,2,2,26,0,2,0,2,91,2,1
580,0,2,10,2,2,26,0,2,0,2,91,2,0
581,0,2,10,2,2,26,0,2,0,2,91,2,0
582,0,2,10,2,2,26,0,2,0,2,91,2,1
583,0,2,10,2,2,26,0,2,0,2,91,2,1
584,0,2,10,2,2,26,0,2,0,2,91,2,0
585,0,2,7,5,2,26,0,2,0,2,91,2,1
586,0,2,7,5,2,26,0,2,0,2,91,2,0
587,0,2,7,5,2,26,0,2,0,2,91,2,0
588,0,2,7,5,2,26,0,2,0,2,91,2,1
589,0,2,7,5,2,26,0,2,0,2,91,2,1
590,0,2,7,5,2,26,0,2,0,2,91,2,0
591,0,2,8,4,2,26,0,2,0,2,91,2,1
592,0,2,8,4,2,26,0,2,0,2,91,2,0
593,0,2,8,4,2,26,0,2,0,2,91,2,0
594,0,2,8,4,2,26,0,2,0,2,91,2,1
595,0,2,8,4,2,26,0,2,0,2,91,2,1
596,0,2,8,4,2,26,0,2,0,2,91,2,0
597,0,2,8,4,2,26,0,2,0,2,91,2,1
598,0,2,8,4,2,26,0,2,0,2,91,2,0
599,0,2,8,4,2,26,0,2,0,2,91,2,0
600,0,2,8,4,2,26,0,2,0,2,91,2,1
601,0,2,8,4,2,26,0,2,0,2,91,2,1
602,0,2,8,4,2,26,0,2,0,2,91,2,0
603,0,2,9,3,2,26,0,2,0,2,91,2,1
604,0,2,9,3,2,26,0,2,0,2,91,2,0
605,0,2,9,3,2,26,0,2,0,2,91,2,0
606,0,2,9,3,2,26,0,2,0,2,91,2,1
607,0,2,9,3,2,26,0,2,0,2,91,2,1
608,0,2,9,3,2,26,0,2,0,2,91,2,0
609,0,2,8,4,2,26,0,2,0,2,91,2,0
610,0,2,8,4,2,26,0,2,0,2,91,2,1
611,0,2,8,4,2,26,0,2,0,2,91,2,0
612,0,2,8,4,2,26,0,2,0,2,91,2,0
613,0,2,9,3,2,26,0,2,0,2,91,2,0
614,0,2,9,3,2,26,0,2,0,2,91,2,1
615,0,2,9,3,2,26,0,2,0,2,91,2,0
616,0,2,9,3,2,26,0,2,0,2,91,2,0
617,0,2,9,3,2,26,0,2,0,2,91,2,0
618,0,2,9,3,2,26,0,2,0,2,91,2,1
619,0,2,9,3,2,26,0,2,0,2,91,2,0
620,0,2,9,3,2,26,0,2,0,2,91,2,0
621,0,2,10,2,2,26,0,2,0,2,91,2,0
622,0,2,10,2,2,26,0,2,0,2,91,2,1
623,0,2,10,2,2,26,0,2,0,2,91,2,0
624,0,2,10,2,2,26,0,2,0,2,91,2,0
625,0,2,8,4,2,26,0,2,0,2,91,2,0
626,0,2,8,4,2,26,0,2,0,2,91,2,1
627,0,2,8,4,2,26,0,2,0,2,91,2,0
628,0,2,8,4,2,26,0,2,0,2,91,2,0
629,0,2,9,3,2,26,0,2,0,2,91,2,0
630,0,2,9,3,2,26,0,2,0,2,91,2,1
631,0,2,9,3,2,26,0,2,0,2,91,2,0
632,0,2,9,3,2,26,0,2,0,2,91,2,0
633,0,2,9,3,2,26,0,2,0,2,91,2,0
634,0,2,9,3,2,26,0,2,0,2,91,2,1
635,0,2,9,3,2,26,0,2,0,2,91,2,0
636,0,2,9,3,2,26,0,2,0,2,91,2,0
637,0,2,10,2,2,26,0,2,0,2,91,2,0
638,0,2,10,2,2,26,0,2,0,2,91,2,1
639,0,2,10,2,2,26,0,2,0,2,91,2,0
640,0,2,10,2,2,26,0,2,0,2,91,2,0
641,0,2,8,4,2,26,0,2,0,2,91,2,0
642,0,2,8,4,2,26,0,2,0,2,91,2,1
643,0,2,8,4,2,26,0,2,0,2,91,2,0
644,0,2,8,4,2,26,0,2,0,2,91,2,0
645,0,2,9,3,2,26,0,2,0,2,91,2,0
646,0,2,9,3,2,26,0,2,0,2,91,2,1
647,0,2,9,3,2,26,0,2,0,2,91,2,0
648,0,2,9,3,2,26,0,2,0,2,91,2,0
649,0,2,9,3,2,26,0,2,0,2,91,2,0
650,0,2,9,3,2,26,0,2,0,2,91,2,1
651,0,2,9,3,2,26,0,2,0,2,91,2,0
652,0,2,9,3,2,26,0,2,0,2,91,2,0
653,0,2,10,2,2,26,0,2,0,2,91,2,0
654,0,2,10,2,2,26,0,2,0,2,91,2,1
655,0,2,10,2,2,26,0,2,0,2,91,2,0
656,0,2,10,2,2,26,0,2,0,2,91,2,0
657,0,2,7,5,2,26,0,2,0,2,91,2,0
658,0,2,7,5,2,26,0,2,0,2,91,2,1
659,0,2,7,5,2,26,0,2,0,2,91,2,0
660,0,2,7,5,2,26,0,2,0,2,91,2,0
661,0,2,8,4,2,26,0,2,0,2,91,2,0
662,0,2,8,4,2,26,0,2,0,2,91,2,1
663,0,2,8,4,2,26,0,2,0,2,91,2,0
664,0,2,8,4,2,26,0,2,0,2,91,2,0
665,0,2,8,4,2,26,0,2,0,2,91,2,0
666,0,2,8,4,2,26,0,2,0,2,91,2,1
667,0,2,8,4,2,26,0,2,0,2,91,2,0
668,0,2,8,4,2,26,0,2,0,2,91,2,0
669,0,2,9,3,2,26,0,2,0,2,91,2,0
670,0,2,9,3,2,26,0,2,0,2,91,2,1
671,0,2,9,3,2,26,0,2,0,2,91,2,0
672,0,2,9,3,2,26,0,2,0,2,91,2,0
673,0,2,7,5,2,26,0,2,0,2,91,2,0
674,0,2,7,5,2,26,0,2,0,2,91,2,1
675,0,2,7,5,2,26,0,2,0,2,91,2,0
676,0,2,7,5,2,26,0,2,0,2,91,2,0
677,0,1,9,4,3,27,1,0,0,1,92,1,0
678,0,1,9,4,2,27,0,0,0,2,90,1,0
679,1,1,9,4,4,28,0,0,0,2,95,1,0
680,0,2,10,4,3,29,1,0,0,2,99,1,0
681,0,2,10,4,2,29,0,0,0,3,97,1,0
682,1,0,8,4,4,26,0,0,0,1,88,1,0
683,1,1,8,5,4,28,0,0,0,2,95,1,0
684,0,2,9,5,3,29,1,0,0,2,99,1,0
685,0,2,9,5,2,29,0,0,0,3,97,1,0
686,0,1,8,5,3,27,1,0,0,1,92,1,0
687,0,1,8,5,3,27,1,0,0,1,92,1,0
688,0,1,8,5,3,27,1,0,0,1,92,1,0
689,0,1,8,5,3,27,1,0,0,1,92,1,0
690,0,1,8,5,3,27,1,0,0,1,92,1,0
691,0,1,8,5,3,27,1,0,0,1,92,1,0
692,0,1,8,5,3,27,1,0,0,1,92,1,0
693,0,1,8,5,3,27,1,0,0,1,92,1,0
694,0,1,8,5,2,27,0,0,0,2,90,1,0
695,0,1,8,5,2,27,0,0,0,2,90,1,0
696,0,1,8,5,2,27,0,0,0,2,90,1,0
697,0,1,8,5,2,27,0,0,0,2,90,1,0
698,0,1,8,5,2,27,0,0,0,2,90,1,0
699,0,1,8,5,2,27,0,0,0,2,90,1,0
700,0,1,8,5,2,27,0,0,0,2,90,1,0
701,0,1,8,5,2,27,0,0,0,2,90,1,0
702,1,1,8,5,4,28,0,0,0,2,95,1,0
703,1,1,8,5,4,28,0,0,0,2,95,1,0
704,1,1,8,5,4,28,0,0,0,2,95,1,0
705,1,1,8,5,4,28,0,0,0,2,95,1,0
706,1,1,8,5,4,28,0,0,0,2,95,1,0
707,1,1,8,5,4,28,0,0,0,2,95,1,0
708,1,1,8,5,4,28,0,0,0,2,95,1,0
709,1,1,8,5,4,28,0,0,0,2,95,1,0
710,0,2,9,5,3,29,1,0,0,2,99,1,0
711,0,2,9,5,3,29,1,0,0,2,99,1,0
712,0,2,9,5,3,29,1,0,0,2,99,1,0
713,0,2,9,5,3,29,1,0,0,2,99,1,0
714,0,2,9,5,3,29,1,0,0,2,99,1,0
715,0,2,9,5,3,29,1,0,0,2,99,1,0
716,0,2,9,5,3,29,1,0,0,2,99,1,0
717,0,2,9,5,3,29,1,0,0,2,99,1,0
718,0,2,9,5,2,29,0,0,0,3,97,1,0
719,0,2,9,5,2,29,0,0,0,3,97,1,0
720,0,2,9,5,2,29,0,0,0,3,97,1,0
721,0,2,9,5,2,29,0,0,0,3,97,1,0
722,0,2,9,5,2,29,0,0,0,3,97,1,0
723,0,2,9,5,2,29,0,0,0,3,97,1,0
724,0,2,9,5,2,29,0,0,0,3,97,1,0
725,0,2,9,5,2,29,0,0,0,3,97,1,0
726,1,2,2,5,8,11,0,2,0,1,60,1,0
727,1,2,2,5,7,11,1,1,0,1,58,1,0
728,1,2,1,6,8,11,0,2,0,1,60,1,0
729,1,2,1,6,8,11,0,2,0,1,60,1,0
730,1,2,1,6,7,11,1,1,0,1,58,1,0
731,1,2,1,6,7,11,1,1,0,1,58,1,0
732,2,1,1,4,10,7,0,1,0,1,50,1,0
733,2,1,1,4,10,7,0,1,0,1,50,1,0
734,2,1,1,4,9,7,1,0,0,1,48,1,0
735,1,2,0,7,8,11,0,2,0,1,60,1,0
736,1,2,0,7,7,11,1,1,0,1,58,1,0
737,2,1,0,5,10,7,0,1,0,1,50,1,0
738,2,1,0,5,10,7,0,1,0,1,50,1,0
739,2,1,0,5,9,7,1,0,0,1,48,1,0
740,3,0,0,3,12,3,0,0,0,1,40,1,0
741,3,1,0,5,12,5,0,0,0,2,49,1,0
742,1,1,2,0,5,2,1,0,0,1,24,1,1
743,1,1,2,0,4,2,0,0,0,2,22,1,1
744,1,1,1,1,5,2,1,0,0,1,24,1,1
745,2,0,1,0,6,1,0,0,0,1,20,1,1
746,1,1,1,1,4,2,0,0,0,2,22,1,1
747,1,1,1,1,5,2,1,0,0,1,24,1,1
748,1,1,1,1,4,2,0,0,0,2,22,1,1
749,1,1,0,2,5,2,1,0,0,1,24,1,1
750,2,0,0,1,6,1,0,0,0,1,20,1,1
751,1,1,0,2,4,2,0,0,0,2,22,1,1
752,0,1,8,4,3,26,0,1,0,1,88,1,0
753,0,1,8,4,2,26,1,0,0,1,86,1,0
754,0,1,8,4,1,26,0,0,0,2,84,1,0
755,1,0,7,4,4,24,0,0,0,1,82,1,0
756,0,1,7,5,3,26,0,1,0,1,88,1,0
757,0,1,7,5,3,26,0,1,0,1,88,1,0
758,0,1,7,5,3,26,0,1,0,1,88,1,0
759,0,1,7,5,3,26,0,1,0,1,88,1,0
760,0,1,7,5,3,26,0,1,0,1,88,1,0
761,0,1,7,5,3,26,0,1,0,1,88,1,0
762,0,1,7,5,3,26,0,1,0,1,88,1,0
763,3,4,17,0,18,37,0,5,0,20,156,1,0
764,3,4,17,0,19,36,0,5,0,20,156,1,0
765,3,4,17,0,18,36,1,4,0,20,154,1,0
766,3,4,17,0,18,36,1,4,0,20,154,1,0
767,3,4,17,0,19,35,1,4,0,20,154,1,0
768,3,4,17,0,18,35,2,3,0,20,152,1,0
769,3,4,16,1,18,37,0,5,0,20,156,1,0
770,3,4,16,1,19,36,0,5,0,20,156,1,0
771,3,4,16,1,18,37,0,5,0,20,156,1,0
772,3,4,16,1,19,36,0,5,0,20,156,1,0
773,3,4,16,1,18,37,0,5,0,15,156,1,0
774,3,4,16,1,19,36,0,5,0,15,156,1,0
775,3,4,16,1,18,37,0,5,0,20,156,1,0
776,3,4,16,1,19,36,0,5,0,20,156,1,0
777,3,4,16,1,18,37,0,5,0,20,156,1,0
778,3,4,16,1,19,36,0,5,0,20,156,1,0
779,3,4,16,1,18,37,0,5,0,15,156,1,0
780,3,4,16,1,19,36,0,5,0,15,156,1,0
781,3,4,16,1,18,37,0,5,0,20,156,1,0
782,3,4,16,1,18,37,0,5,0,20,156,1,0
783,3,4,16,1,19,36,0,5,0,20,156,1,0
784,3,4,16,1,19,36,0,5,0,20,156,1,0
785,3,4,16,1,18,37,0,5,0,15,156,1,0
786,3,4,16,1,19,36,0,5,0,15,156,1,0
787,3,4,16,1,18,37,0,5,0,20,156,1,0
788,3,4,16,1,19,36,0,5,0,20,156,1,0
789,3,4,16,1,18,37,0,5,0,20,156,1,0
790,3,4,16,1,19,36,0,5,0,20,156,1,0
791,2,1,26,0,8,50,1,1,0,0,174,1,1
792,2,1,26,0,7,50,2,0,0,0,172,1,1
793,2,1,25,1,8,50,1,1,0,0,174,1,1
794,2,1,25,1,8,50,1,1,0,0,174,1,1
795,2,1,25,1,8,50,1,1,0,0,174,1,1
796,2,1,25,1,8,50,1,1,0,0,174,1,1
797,2,1,25,1,8,50,1,1,0,0,174,1,1
798,2,1,25,1,8,50,1,1,0,0,174,1,1
799,2,1,25,1,8,50,1,1,0,0,174,1,1
800,2,1,25,1,8,50,1,1,0,0,174,1,1
801,2,1,25,1,8,50,1,1,0,0,174,1,1
802,2,1,25,1,8,50,1,1,0,0,174,1,1
803,2,1,25,1,8,50,1,1,0,0,174,1,1
804,2,1,25,1,8,50,1,1,0,0,174,1,1
805,2,1,25,1,8,50,1,1,0,0,174,1,1
806,2,1,25,1,7,50,2,0,0,0,172,1,1
807,2,1,25,1,7,50,2,0,0,0,172,1,1
808,2,1,25,1,7,50,2,0,0,0,172,1,1
809,2,1,25,1,7,50,2,0,0,0,172,1,1
810,2,1,25,1,7,50,2,0,0,0,172,1,1
811,2,1,25,1,7,50,2,0,0,0,172,1,1
812,2,1,25,1,7,50,2,0,0,0,172,1,1
813,2,1,25,1,7,50,2,0,0,0,172,1,1
814,2,1,25,1,7,50,2,0,0,0,172,1,1
815,2,1,25,1,7,50,2,0,0,0,172,1,1
816,1,1,2,2,4,8,0,2,0,0,38,1,0
817,1,1,2,2,4,7,1,1,0,0,36,1,0
818,1,1,2,1,5,5,1,1,0,0,32,1,0
819,1,1,2,1,5,4,2,0,0,0,30,1,0
820,1,1,1,3,4,8,0,2,0,0,38,1,0
821,1,1,1,3,4,7,1,1,0,0,36,1,0
822,1,1,1,2,5,5,1,1,0,0,32,1,0
823,2,0,1,1,6,4,0,1,0,0,28,1,0
824,1,1,1,2,5,4,2,0,0,0,30,1,0
825,2,0,1,1,6,3,1,0,0,0,26,1,0
826,1,1,1,3,4,8,0,2,0,0,38,1,0
827,1,1,1,3,4,7,1,1,0,0,36,1,0
828,1,1,1,2,5,5,1,1,0,0,32,1,0
829,1,1,1,2,5,4,2,0,0,0,30,1,0
830,1,1,0,4,4,8,0,2,0,0,38,1,0
831,1,1,0,4,4,7,1,1,0,0,36,1,0
832,1,1,0,3,5,5,1,1,0,0,32,1,0
833,2,0,0,2,6,4,0,1,0,0,28,1,0
834,1,1,0,3,5,4,2,0,0,0,30,1,0
835,2,0,0,2,6,3,1,0,0,0,26,1,0
836,3,0,11,0,9,18,1,2,0,0,86,3,1
837,3,0,10,1,9,18,1,2,0,0,86,3,1
838,3,0,10,1,9,18,1,2,0,0,86,3,1
839,3,0,10,1,9,18,1,2,0,0,86,3,1
840,3,0,10,1,9,18,1,2,0,0,86,3,1
841,3,0,10,1,9,18,1,2,0,0,86,3,1
842,3,0,10,1,9,18,1,2,0,0,86,3,1
843,3,0,10,1,9,18,1,2,0,0,86,3,1
844,3,0,10,1,9,18,1,2,0,0,86,3,1
845,3,0,10,1,9,18,1,2,0,0,86,3,1
846,3,0,10,1,9,18,1,2,0,0,86,3,1
847,3,0,10,1,9,18,1,2,0,0,86,3,1
848,3,0,10,0,9,16,2,1,0,0,80,3,1
849,3,0,9,2,9,18,1,2,0,0,86,3,1
850,3,0,9,2,9,18,1,2,0,0,86,3,1
851,3,0,9,2,9,18,1,2,0,0,86,3,1
852,3,0,9,2,9,18,1,2,0,0,86,3,1
853,3,0,9,2,9,18,1,2,0,0,86,3,1
854,3,0,9,2,9,18,1,2,0,0,86,3,1
855,3,0,9,2,9,18,1,2,0,0,86,3,1
856,3,0,9,2,9,18,1,2,0,0,86,3,1
857,3,0,9,2,9,18,1,2,0,0,86,3,1
858,3,0,9,2,9,18,1,2,0,0,86,3,1
859,3,0,9,2,9,18,1,2,0,0,86,3,1
860,3,0,9,2,9,18,1,2,0,0,86,3,1
861,3,0,9,2,9,18,1,2,0,0,86,3,1
862,3,0,9,2,9,18,1,2,0,0,86,3,1
863,3,0,9,2,9,18,1,2,0,0,86,3,1
864,3,0,9,2,9,18,1,2,0,0,86,3,1
865,3,0,9,2,9,18,1,2,0,0,86,3,1
866,3,0,9,2,9,18,1,2,0,0,86,3,1
867,3,0,9,2,9,18,1,2,0,0,86,3,1
868,3,0,9,2,9,18,1,2,0,0,86,3,1
869,3,0,9,2,9,18,1,2,0,0,86,3,1
870,3,0,9,2,9,18,1,2,0,0,86,3,1
871,3,0,9,2,9,18,1,2,0,0,86,3,1
872,3,0,9,2,9,18,1,2,0,0,86,3,1
873,3,0,9,2,9,18,1,2,0,0,86,3,1
874,3,0,9,2,9,18,1,2,0,0,86,3,1
875,3,0,9,2,9,18,1,2,0,0,86,3,1
876,3,0,9,2,9,18,1,2,0,0,86,3,1
877,3,0,9,2,9,18,1,2,0,0,86,3,1
878,3,0,9,2,9,18,1,2,0,0,86,3,1
879,3,0,9,2,9,18,1,2,0,0,86,3,1
880,3,0,9,2,9,18,1,2,0,0,86,3,1
881,3,0,9,2,9,18,1,2,0,0,86,3,1
882,3,0,9,2,9,18,1,2,0,0,86,3,1
883,3,0,9,2,9,18,1,2,0,0,86,3,1
884,3,0,9,2,9,18,1,2,0,0,86,3,1
885,3,0,9,2,9,18,1,2,0,0,86,3,1
886,3,0,9,2,9,18,1,2,0,0,86,3,1
887,3,0,9,2,9,18,1,2,0,0,86,3,1
888,3,0,9,2,9,18,1,2,0,0,86,3,1
889,3,0,9,2,9,18,1,2,0,0,86,3,1
890,3,0,9,2,9,18,1,2,0,0,86,3,1
891,3,0,9,2,9,18,1,2,0,0,86,3,1
892,3,0,9,2,9,18,1,2,0,0,86,3,1
893,3,0,9,2,9,18,1,2,0,0,86,3,1
894,3,0,9,2,9,18,1,2,0,0,86,3,1
895,3,0,9,2,9,18,1,2,0,0,86,3,1
896,3,0,9,2,9,18,1,2,0,0,86,3,1
897,3,0,9,2,9,18,1,2,0,0,86,3,1
898,3,0,9,2,9,18,1,2,0,0,86,3,1
899,3,0,9,2,9,18,1,2,0,0,86,3,1
900,3,0,9,2,9,18,1,2,0,0,86,3,1
901,3,0,9,2,9,18,1,2,0,0,86,3,1
902,1,0,3,0,2,8,0,1,0,0,31,1,0
903,1,0,3,0,2,7,1,0,0,0,29,1,0
904,1,0,2,1,2,8,0,1,0,0,31,1,0
905,1,0,2,1,2,8,0,1,0,0,31,1,0
906,1,0,2,1,2,8,0,1,0,0,31,1,0
907,1,0,2,1,2,7,1,0,0,0,29,1,0
908,1,0,2,1,2,7,1,0,0,0,29,1,0
909,1,0,2,1,2,7,1,0,0,0,29,1,0
910,1,0,2,0,2,5,0,0,0,1,23,1,0
911,1,0,1,2,2,8,0,1,0,0,31,1,0
912,1,0,1,2,2,8,0,1,0,0,31,1,0
913,1,0,1,2,2,8,0,1,0,0,31,1,0
914,1,0,1,2,2,7,1,0,0,0,29,1,0
915,1,0,1,2,2,7,1,0,0,0,29,1,0
916,1,0,1,2,2,7,1,0,0,0,29,1,0
917,1,0,1,1,2,5,0,0,0,1,23,1,0
918,1,0,1,1,2,5,0,0,0,1,23,1,0
919,1,0,0,3,2,8,0,1,0,0,31,1,0
920,1,0,0,3,2,7,1,0,0,0,29,1,0
921,1,0,0,2,2,5,0,0,0,1,23,1,0
922,1,0,3,0,4,5,0,0,0,1,29,1,1
923,1,0,2,1,4,5,0,0,0,1,29,1,1
924,1,0,2,1,4,5,0,0,0,1,29,1,1
925,1,0,2,1,4,5,0,0,0,1,28,1,1
926,1,0,1,2,4,5,0,0,0,1,29,1,1
927,1,0,1,2,4,5,0,0,0,1,28,1,1
928,1,0,1,2,4,5,0,0,0,1,28,1,1
929,1,0,0,3,4,5,0,0,0,1,28,1,1
930,1,5,5,0,6,12,0,2,0,1,55,1,0
931,1,5,5,0,5,13,0,2,0,1,55,1,0
932,1,5,5,0,5,12,1,1,0,1,53,1,0
933,1,5,5,0,4,13,1,1,0,1,53,1,0
934,1,4,4,1,6,12,0,2,0,1,55,1,0
935,1,4,4,1,5,13,0,2,0,1,55,1,0
936,1,4,4,1,6,12,0,2,0,1,55,1,0
937,1,4,4,1,5,13,0,2,0,1,55,1,0
938,1,5,4,1,6,12,0,2,0,1,55,1,0
939,1,5,4,1,5,13,0,2,0,1,55,1,0
940,1,4,4,1,5,12,1,1,0,1,53,1,0
941,1,4,4,1,4,13,1,1,0,1,53,1,0
942,1,4,4,1,5,12,1,1,0,1,53,1,0
943,1,4,4,1,4,13,1,1,0,1,53,1,0
944,1,4,20,5,6,51,1,4,0,0,176,1,1
945,1,4,20,5,6,50,0,4,0,1,174,1,1
946,1,4,19,6,6,51,1,4,0,0,176,1,1
947,1,4,19,6,6,51,1,4,0,0,176,1,1
948,1,4,19,6,6,51,1,4,0,0,176,1,1
949,1,4,19,6,6,51,1,4,0,0,176,1,1
950,1,4,19,6,6,51,1,4,0,0,176,1,1
951,1,4,19,6,6,51,1,4,0,0,176,1,1
952,1,4,19,6,6,51,1,4,0,0,176,1,1
953,1,4,19,6,6,51,1,4,0,0,176,1,1
954,1,4,19,6,6,51,1,4,0,0,176,1,1
955,1,4,19,6,6,51,1,4,0,0,176,1,1
956,1,4,19,6,6,51,1,4,0,0,176,1,1
957,1,4,19,6,6,51,1,4,0,0,176,1,1
958,1,4,19,6,6,51,1,4,0,0,176,1,1
959,1,4,19,6,6,51,1,4,0,0,176,1,1
960,1,4,19,6,6,51,1,4,0,0,176,1,1
961,1,4,19,6,6,51,1,4,0,0,176,1,1
962,1,4,19,6,6,50,0,4,0,1,174,1,1
963,1,4,19,6,6,50,0,4,0,1,174,1,1
964,1,4,19,6,6,50,0,4,0,1,174,1,1
965,1,4,19,6,6,50,0,4,0,1,174,1,1
966,1,4,19,6,6,50,0,4,0,1,174,1,1
967,1,4,19,6,6,50,0,4,0,1,174,1,1
968,1,4,19,6,6,50,0,4,0,1,174,1,1
969,1,4,19,6,6,50,0,4,0,1,174,1,1
970,1,4,19,6,6,50,0,4,0,1,174,1,1
971,1,4,19,6,6,50,0,4,0,1,174,1,1
972,1,4,19,6,6,50,0,4,0,1,174,1,1
973,1,4,19,6,6,50,0,4,0,1,174,1,1
974,1,4,19,6,6,50,0,4,0,1,174,1,1
975,1,4,19,6,6,50,0,4,0,1,174,1,1
976,1,4,19,6,6,50,0,4,0,1,174,1,1
977,1,4,19,6,6,50,0,4,0,1,174,1,1
978,1,4,19,6,6,51,1,4,0,0,176,1,1
979,1,4,19,6,6,51,1,4,0,0,176,1,1
980,1,4,19,6,6,51,1,4,0,0,176,1,1
981,1,4,19,6,6,51,1,4,0,0,176,1,1
982,9,6,16,10,33,34,0,3,0,5,205,1,1
983,9,6,16,10,34,33,0,3,0,5,205,1,1
984,9,6,16,10,33,33,1,2,0,5,203,1,1
985,9,6,16,9,34,32,1,2,0,5,201,1,1
986,9,5,16,8,32,31,1,1,0,5,191,1,1
987,9,5,16,8,31,31,0,1,0,6,189,1,1
988,9,5,16,8,32,30,0,1,0,6,189,1,1
989,1,0,1,1,2,2,0,1,0,0,16,1,1
990,1,0,1,1,2,1,1,0,0,0,14,1,1
991,1,0,0,2,2,2,0,1,0,0,16,1,1
992,1,0,0,2,2,1,1,0,0,0,14,1,1
993,6,4,25,4,29,72,0,4,0,1,272,1,0
994,6,4,25,4,30,71,0,4,0,1,272,1,0
995,6,6,25,3,38,64,0,6,0,1,276,1,0
996,6,6,25,3,37,65,0,6,0,1,276,1,0
997,6,6,25,3,37,65,0,6,0,1,276,1,0
998,6,6,25,3,36,66,0,6,0,1,276,1,0
999,6,4,25,4,28,72,1,3,0,1,270,1,0
1000,6,4,25,4,29,71,1,3,0,1,270,1,0
1001,6,6,25,3,37,64,1,5,0,1,274,1,0
1002,6,6,25,3,36,65,1,5,0,1,274,1,0
1003,6,6,25,3,36,65,1,5,0,1,274,1,0
1004,6,6,25,3,35,66,1,5,0,1,274,1,0
1005,6,4,25,4,29,71,1,3,0,1,270,1,0
1006,6,4,25,4,30,70,1,3,0,1,270,1,0
1007,6,6,25,3,38,63,1,5,0,1,274,1,0
1008,6,6,25,3,37,64,1,5,0,1,274,1,0
1009,6,6,25,3,37,64,1,5,0,1,274,1,0
1010,6,6,25,3,36,65,1,5,0,1,274,1,0
1011,6,4,25,4,29,71,1,3,0,1,270,1,0
1012,6,6,25,3,37,64,1,5,0,1,274,1,0
1013,6,6,25,3,36,65,1,5,0,1,274,1,0
1014,6,6,25,3,37,64,1,5,0,1,274,1,0
1015,6,6,25,3,36,65,1,5,0,1,274,1,0
1016,6,5,25,3,34,67,0,5,0,1,272,1,0
1017,6,5,25,3,33,68,0,5,0,1,272,1,0
1018,6,4,25,4,28,71,2,2,0,1,268,1,0
1019,6,4,25,4,29,70,2,2,0,1,268,1,0
1020,6,6,25,3,37,63,2,4,0,1,272,1,0
1021,6,6,25,3,36,64,2,4,0,1,272,1,0
1022,6,6,25,3,36,64,2,4,0,1,272,1,0
1023,6,6,25,3,35,65,2,4,0,1,272,1,0
1024,6,4,25,4,29,70,2,2,0,1,268,1,0
1025,6,6,25,3,37,63,2,4,0,1,272,1,0
1026,6,6,25,3,36,64,2,4,0,1,272,1,0
1027,6,6,25,3,37,63,2,4,0,1,272,1,0
1028,6,6,25,3,36,64,2,4,0,1,272,1,0
1029,6,5,25,3,34,66,1,4,0,1,270,1,0
1030,6,5,25,3,33,67,1,4,0,1,270,1,0
1031,6,4,25,4,28,71,2,2,0,1,268,1,0
1032,6,6,25,3,36,64,2,4,0,1,272,1,0
1033,6,6,25,3,35,65,2,4,0,1,272,1,0
1034,6,6,25,3,36,64,2,4,0,1,272,1,0
1035,6,6,25,3,35,65,2,4,0,1,272,1,0
1036,6,5,25,3,33,67,1,4,0,1,270,1,0
1037,6,5,25,3,32,68,1,4,0,1,270,1,0
1038,6,5,25,3,33,67,1,4,0,1,270,1,0
1039,6,6,25,3,36,64,2,4,0,1,272,1,0
1040,6,4,25,4,28,70,3,1,0,1,266,1,0
1041,6,6,25,3,36,63,3,3,0,1,270,1,0
1042,6,6,25,3,35,64,3,3,0,1,270,1,0
1043,6,6,25,3,36,63,3,3,0,1,270,1,0
1044,6,6,25,3,35,64,3,3,0,1,270,1,0
1045,6,5,25,3,33,66,2,3,0,1,268,1,0
1046,6,5,25,3,32,67,2,3,0,1,268,1,0
1047,6,5,25,3,33,66,2,3,0,1,268,1,0
1048,6,6,25,3,36,63,3,3,0,1,270,1,0
1049,6,5,25,3,32,67,2,3,0,1,268,1,0
1050,6,6,25,3,35,64,3,3,0,1,270,1,0
1051,4,2,8,0,18,13,0,3,0,0,87,1,0
1052,4,2,8,0,17,13,1,2,0,0,85,1,0
1053,4,2,8,0,17,13,1,2,0,0,85,1,0
1054,4,2,8,0,18,12,1,2,0,0,85,1,0
1055,4,2,8,0,16,13,2,1,0,0,83,1,0
1056,4,2,8,0,17,12,2,1,0,0,83,1,0
1057,4,2,8,0,17,12,2,1,0,0,83,1,0
1058,2,0,3,0,8,5,0,1,0,0,37,1,1
1059,2,0,3,0,8,4,1,0,0,0,35,1,1
1060,2,0,2,1,8,5,0,1,0,0,37,1,1
1061,2,0,2,1,8,5,0,1,0,0,37,1,1
1062,2,0,2,1,8,5,0,1,0,0,36,1,1
1063,2,0,2,1,8,4,1,0,0,0,35,1,1
1064,2,0,2,1,8,4,1,0,0,0,35,1,1
1065,2,0,2,1,8,4,1,0,0,0,34,1,1
1066,2,0,1,2,8,5,0,1,0,0,37,1,1
1067,2,0,1,2,8,5,0,1,0,0,36,1,1
1068,2,0,1,2,8,5,0,1,0,0,36,1,1
1069,2,0,1,2,8,4,1,0,0,0,35,1,1
1070,2,0,1,2,8,4,1,0,0,0,34,1,1
1071,2,0,1,2,8,4,1,0,0,0,34,1,1
1072,2,0,0,3,8,5,0,1,0,0,36,1,1
1073,2,0,0,3,8,4,1,0,0,0,34,1,1
1074,4,3,5,4,22,15,0,4,0,0,102,1,1
1075,4,3,5,3,22,13,1,3,0,0,96,1,1
1076,4,3,5,3,22,13,1,3,0,0,96,1,1
1077,4,2,5,3,19,15,0,3,0,0,92,1,1
1078,4,3,5,3,21,13,0,3,0,1,94,1,1
1079,4,3,5,3,21,13,0,3,0,1,94,1,1
1080,4,3,4,5,22,15,0,4,0,0,102,1,1
1081,4,3,4,5,22,15,0,4,0,0,102,1,1
1082,1,0,2,1,3,6,0,1,0,0,28,1,0
1083,1,0,1,2,3,6,0,1,0,0,28,1,0
1084,1,0,1,2,3,6,0,1,0,0,28,1,0
1085,1,0,0,3,3,6,0,1,0,0,28,1,0
1086,2,0,5,1,7,13,0,1,0,1,56,1,1
1087,2,0,4,2,7,13,0,1,0,1,56,1,1
1088,2,0,4,2,7,13,0,1,0,1,56,1,1
1089,2,0,4,2,7,13,0,1,0,0,56,1,1
1090,2,0,4,2,7,13,0,1,0,1,56,1,1
1091,2,0,4,2,7,13,0,1,0,1,56,1,1
1092,2,0,3,3,7,13,0,1,0,1,56,1,1
1093,2,0,3,3,7,13,0,1,0,0,56,1,1
1094,2,0,3,3,7,13,0,1,0,0,56,1,1
1095,2,0,3,3,7,13,0,1,0,1,56,1,1
1096,2,0,3,3,7,13,0,1,0,1,56,1,1
1097,2,0,3,3,7,13,0,1,0,1,56,1,1
1098,2,0,3,3,7,13,0,1,0,0,56,1,1
1099,2,0,3,3,7,13,0,1,0,1,56,1,1
1100,2,0,3,3,7,13,0,1,0,1,56,1,1
1101,2,0,3,3,7,13,0,1,0,0,56,1,1
1102,2,0,2,4,7,13,0,1,0,0,56,1,1
1103,2,0,2,4,7,13,0,1,0,1,56,1,1
1104,2,0,2,4,7,13,0,1,0,1,56,1,1
1105,2,0,2,4,7,13,0,1,0,0,56,1,1
1106,2,0,2,4,7,13,0,1,0,1,56,1,1
1107,2,0,2,4,7,13,0,1,0,0,56,1,1
1108,2,0,2,4,7,13,0,1,0,1,56,1,1
1109,2,0,2,4,7,13,0,1,0,0,56,1,1
1110,2,0,2,4,7,13,0,1,0,0,56,1,1
1111,2,0,2,4,7,13,0,1,0,0,56,1,1
1112,2,0,1,5,7,13,0,1,0,1,56,1,1
1113,2,0,1,5,7,13,0,1,0,0,56,1,1
1114,2,0,1,5,7,13,0,1,0,0,56,1,1
1115,2,0,1,5,7,13,0,1,0,0,56,1,1
1116,2,0,1,5,7,13,0,1,0,0,56,1,1
1117,2,0,1,1,7,3,1,0,0,1,28,1,1
1118,2,0,1,0,7,1,0,0,0,2,22,1,1
1119,2,0,0,6,7,13,0,1,0,0,56,1,1
1120,2,0,0,2,7,3,1,0,0,0,28,1,1
1121,2,0,0,1,7,1,0,0,0,1,22,1,1
1122,2,1,6,6,10,20,1,1,0,0,90,1,1
1123,2,1,6,6,9,20,2,0,0,0,88,1,1
1124,2,1,5,7,10,20,1,1,0,0,90,1,1
1125,2,1,5,7,10,20,1,1,0,0,90,1,1
1126,2,1,5,7,10,20,1,1,0,0,90,1,1
1127,2,1,5,7,9,20,2,0,0,0,88,1,1
1128,2,1,5,7,9,20,2,0,0,0,88,1,1
1129,2,1,5,7,9,20,2,0,0,0,88,1,1
1130,2,1,5,7,10,20,1,1,0,0,90,1,1
1131,2,1,5,7,10,20,1,1,0,0,90,1,1
1132,2,1,5,7,10,20,1,1,0,0,90,1,1
1133,2,1,5,7,9,20,2,0,0,0,88,1,1
1134,2,1,5,7,9,20,2,0,0,0,88,1,1
1135,2,1,5,7,9,20,2,0,0,0,88,1,1
1136,2,1,4,8,10,20,1,1,0,0,90,1,1
1137,2,1,4,8,10,20,1,1,0,0,90,1,1
1138,2,1,4,8,10,20,1,1,0,0,90,1,1
1139,2,1,4,8,9,20,2,0,0,0,88,1,1
1140,2,1,4,8,9,20,2,0,0,0,88,1,1
1141,2,1,4,8,9,20,2,0,0,0,88,1,1
1142,2,1,4,8,10,20,1,1,0,0,90,1,1
1143,2,1,4,8,10,20,1,1,0,0,90,1,1
1144,2,1,4,8,10,20,1,1,0,0,90,1,1
1145,2,1,4,8,10,20,1,1,0,0,90,1,1
1146,2,1,4,8,10,20,1,1,0,0,90,1,1
1147,2,1,4,8,10,20,1,1,0,0,90,1,1
1148,2,1,4,8,10,20,1,1,0,0,90,1,1
1149,2,1,4,8,10,20,1,1,0,0,90,1,1
1150,2,1,4,8,10,20,1,1,0,0,90,1,1
1151,2,1,4,8,9,20,2,0,0,0,88,1,1
1152,2,1,4,8,9,20,2,0,0,0,88,1,1
1153,2,1,4,8,9,20,2,0,0,0,88,1,1
1154,2,1,4,8,9,20,2,0,0,0,88,1,1
1155,2,1,4,8,9,20,2,0,0,0,88,1,1
1156,2,1,4,8,9,20,2,0,0,0,88,1,1
1157,2,1,4,8,9,20,2,0,0,0,88,1,1
1158,2,1,4,8,9,20,2,0,0,0,88,1,1
1159,2,1,4,8,9,20,2,0,0,0,88,1,1
1160,2,1,4,8,10,20,1,1,0,0,90,1,1
1161,2,1,4,8,10,20,1,1,0,0,90,1,1
1162,2,1,4,8,10,20,1,1,0,0,90,1,1
1163,2,1,4,8,9,20,2,0,0,0,88,1,1
1164,2,1,4,8,9,20,2,0,0,0,88,1,1
1165,2,1,4,8,9,20,2,0,0,0,88,1,1
1166,2,1,3,9,10,20,1,1,0,0,90,1,1
1167,2,1,3,9,9,20,2,0,0,0,88,1,1
1168,2,1,3,4,10,11,2,0,0,0,62,1,1
1169,2,1,3,4,9,11,1,0,0,1,60,1,1
1170,2,1,3,9,10,20,1,1,0,0,90,1,1
1171,2,1,3,9,10,20,1,1,0,0,90,1,1
1172,2,1,3,9,10,20,1,1,0,0,90,1,1
1173,2,1,3,9,10,20,1,1,0,0,90,1,1
1174,2,1,3,9,10,20,1,1,0,0,90,1,1
1175,2,1,3,9,10,20,1,1,0,0,90,1,1
1176,2,1,3,9,10,20,1,1,0,0,90,1,1
1177,2,1,3,9,10,20,1,1,0,0,90,1,1
1178,2,1,3,9,10,20,1,1,0,0,90,1,1
1179,2,1,3,9,9,20,2,0,0,0,88,1,1
1180,2,1,3,9,9,20,2,0,0,0,88,1,1
1181,2,1,3,9,9,20,2,0,0,0,88,1,1
1182,2,1,3,9,9,20,2,0,0,0,88,1,1
1183,2,1,3,9,9,20,2,0,0,0,88,1,1
1184,2,1,3,9,9,20,2,0,0,0,88,1,1
1185,2,1,3,9,9,20,2,0,0,0,88,1,1
1186,2,1,3,9,9,20,2,0,0,0,88,1,1
1187,2,1,3,9,9,20,2,0,0,0,88,1,1
1188,2,1,3,9,10,20,1,1,0,0,90,1,1
1189,2,1,3,9,10,20,1,1,0,0,90,1,1
1190,2,1,3,9,10,20,1,1,0,0,90,1,1
1191,2,1,3,9,10,20,1,1,0,0,90,1,1
1192,2,1,3,9,10,20,1,1,0,0,90,1,1
1193,2,1,3,9,10,20,1,1,0,0,90,1,1
1194,2,1,3,9,10,20,1,1,0,0,90,1,1
1195,2,1,3,9,10,20,1,1,0,0,90,1,1
1196,2,1,3,9,10,20,1,1,0,0,90,1,1
1197,2,1,3,9,9,20,2,0,0,0,88,1,1
1198,2,1,3,9,9,20,2,0,0,0,88,1,1
1199,2,1,3,9,9,20,2,0,0,0,88,1,1
1200,2,1,3,9,9,20,2,0,0,0,88,1,1
1201,2,1,3,9,9,20,2,0,0,0,88,1,1
1202,2,1,3,9,9,20,2,0,0,0,88,1,1
1203,2,1,3,9,9,20,2,0,0,0,88,1,1
1204,2,1,3,9,9,20,2,0,0,0,88,1,1
1205,2,1,3,9,9,20,2,0,0,0,88,1,1
1206,2,1,3,9,10,20,1,1,0,0,90,1,1
1207,2,1,3,9,9,20,2,0,0,0,88,1,1
1208,2,1,3,4,10,11,0,1,0,1,62,1,1
1209,2,1,3,4,9,11,1,0,0,1,60,1,1
1210,2,1,2,10,10,20,1,1,0,0,90,1,1
1211,2,1,2,10,10,20,1,1,0,0,90,1,1
1212,2,1,2,10,10,20,1,1,0,0,90,1,1
1213,2,1,2,10,9,20,2,0,0,0,88,1,1
1214,2,1,2,10,9,20,2,0,0,0,88,1,1
1215,2,1,2,10,9,20,2,0,0,0,88,1,1
1216,2,1,2,5,10,11,2,0,0,0,62,1,1
1217,2,1,2,5,10,11,2,0,0,0,62,1,1
1218,2,1,2,5,10,11,2,0,0,0,62,1,1
1219,2,1,2,5,9,11,1,0,0,1,60,1,1
1220,2,1,2,5,9,11,1,0,0,1,60,1,1
1221,2,1,2,5,9,11,1,0,0,1,60,1,1
1222,2,1,2,10,10,20,1,1,0,0,90,1,1
1223,2,1,2,10,10,20,1,1,0,0,90,1,1
1224,2,1,2,10,10,20,1,1,0,0,90,1,1
1225,2,1,2,10,10,20,1,1,0,0,90,1,1
1226,2,1,2,10,10,20,1,1,0,0,90,1,1
1227,2,1,2,10,10,20,1,1,0,0,90,1,1
1228,2,1,2,10,10,20,1,1,0,0,90,1,1
1229,2,1,2,10,10,20,1,1,0,0,90,1,1
1230,2,1,2,10,10,20,1,1,0,0,90,1,1
1231,2,1,2,10,9,20,2,0,0,0,88,1,1
1232,2,1,2,10,9,20,2,0,0,0,88,1,1
1233,2,1,2,10,9,20,2,0,0,0,88,1,1
1234,2,1,2,10,9,20,2,0,0,0,88,1,1
1235,2,1,2,10,9,20,2,0,0,0,88,1,1
1236,2,1,2,10,9,20,2,0,0,0,88,1,1
1237,2,1,2,10,9,20,2,0,0,0,88,1,1
1238,2,1,2,10,9,20,2,0,0,0,88,1,1
1239,2,1,2,10,9,20,2,0,0,0,88,1,1
1240,2,1,2,10,10,20,1,1,0,0,90,1,1
1241,2,1,2,10,10,20,1,1,0,0,90,1,1
1242,2,1,2,10,10,20,1,1,0,0,90,1,1
1243,2,1,2,10,9,20,2,0,0,0,88,1,1
1244,2,1,2,10,9,20,2,0,0,0,88,1,1
1245,2,1,2,10,9,20,2,0,0,0,88,1,1
1246,2,1,2,5,10,11,0,1,0,1,62,1,1
1247,2,1,2,5,10,11,0,1,0,1,62,1,1
1248,2,1,2,5,10,11,0,1,0,1,62,1,1
1249,2,1,2,5,9,11,1,0,0,1,60,1,1
1250,2,1,2,5,9,11,1,0,0,1,60,1,1
1251,2,1,2,5,9,11,1,0,0,1,60,1,1
1252,2,1,1,11,10,20,1,1,0,0,90,1,1
1253,2,1,1,11,10,20,1,1,0,0,90,1,1
1254,2,1,1,11,10,20,1,1,0,0,90,1,1
1255,2,1,1,11,9,20,2,0,0,0,88,1,1
1256,2,1,1,11,9,20,2,0,0,0,88,1,1
1257,2,1,1,11,9,20,2,0,0,0,88,1,1
1258,2,1,1,6,10,11,2,0,0,0,62,1,1
1259,2,1,1,6,10,11,2,0,0,0,62,1,1
1260,2,1,1,6,10,11,2,0,0,0,62,1,1
1261,2,1,1,6,9,11,1,0,0,1,60,1,1
1262,2,1,1,6,9,11,1,0,0,1,60,1,1
1263,2,1,1,6,9,11,1,0,0,1,60,1,1
1264,2,1,1,11,10,20,1,1,0,0,90,1,1
1265,2,1,1,11,10,20,1,1,0,0,90,1,1
1266,2,1,1,11,10,20,1,1,0,0,90,1,1
1267,2,1,1,11,9,20,2,0,0,0,88,1,1
1268,2,1,1,11,9,20,2,0,0,0,88,1,1
1269,2,1,1,11,9,20,2,0,0,0,88,1,1
1270,2,1,1,6,10,11,0,1,0,1,62,1,1
1271,2,1,1,6,10,11,0,1,0,1,62,1,1
1272,2,1,1,6,10,11,0,1,0,1,62,1,1
1273,2,1,1,6,9,11,1,0,0,1,60,1,1
1274,2,1,1,6,9,11,1,0,0,1,60,1,1
1275,2,1,1,6,9,11,1,0,0,1,60,1,1
1276,2,1,0,12,10,20,1,1,0,0,90,1,1
1277,2,1,0,12,9,20,2,0,0,0,88,1,1
1278,2,1,0,7,10,11,2,0,0,0,62,1,1
1279,2,1,0,7,9,11,1,0,0,1,60,1,1
1280,2,1,0,7,10,11,0,1,0,1,62,1,1
1281,2,1,0,7,9,11,1,0,0,1,60,1,1
1282,2,1,0,2,10,2,1,0,0,1,34,1,1
1283,2,1,0,2,9,2,0,0,0,2,32,1,1
1284,2,3,9,3,12,19,0,4,0,0,96,1,1
1285,2,3,9,3,11,19,1,3,0,0,94,1,1
1286,2,3,9,3,11,19,1,3,0,0,94,1,1
1287,2,3,9,3,10,19,2,2,0,0,92,1,1
1288,2,3,8,4,12,19,0,4,0,0,96,1,1
1289,2,3,8,4,12,19,0,4,0,0,96,1,1
1290,2,3,8,4,12,19,0,4,0,0,96,1,1
1291,2,3,8,4,12,19,0,4,0,0,96,1,1
1292,2,3,8,4,12,19,0,4,0,0,96,1,1
1293,2,3,8,4,12,19,0,4,0,0,96,1,1
1294,2,3,8,4,11,19,1,3,0,0,94,1,1
1295,2,3,8,4,11,19,1,3,0,0,94,1,1
1296,2,3,8,4,11,19,1,3,0,0,94,1,1
1297,2,3,8,4,11,19,1,3,0,0,94,1,1
1298,2,3,8,4,11,19,1,3,0,0,94,1,1
1299,2,3,8,4,11,19,1,3,0,0,94,1,1
1300,2,3,8,4,11,19,1,3,0,0,94,1,1
1301,2,3,8,4,11,19,1,3,0,0,94,1,1
1302,2,3,8,4,11,19,1,3,0,0,94,1,1
1303,2,3,8,4,11,19,1,3,0,0,94,1,1
1304,2,3,8,4,11,19,1,3,0,0,94,1,1
1305,2,3,8,4,11,19,1,3,0,0,94,1,1
1306,1,6,37,0,9,88,0,7,0,0,284,1,0
1307,1,6,37,0,10,87,0,7,0,0,284,1,0
1308,1,6,37,0,9,87,1,6,0,0,282,1,0
1309,1,6,37,0,9,87,1,6,0,0,282,1,0
1310,1,6,37,0,10,86,1,6,0,0,282,1,0
1311,1,6,37,0,9,86,2,5,0,0,280,1,0
1312,1,6,37,0,9,86,0,6,0,1,280,1,0
1313,1,6,37,0,10,85,0,6,0,1,280,1,0
1314,4,0,0,1,12,0,0,0,0,1,31,1,0
